campus_name,educational_organization,address_line1,address_line2,city,state_province,postal_code,country_code,statement,status
"Daniel, Jackson and Collins",12,3353 Hanson Creek,Apt. 887,South Jasonport,1,9189,LA,"Answer spring good draw.
Fact begin here set. Get hot collection exactly gun protect street. Anything effort tree car ok.",FALSE
Cole and Sons,12,34774 Emily Divide,Suite 323,East Blakeland,1,71797,SZ,"Perhaps prove artist own than history. Just appear may available film foreign sing.
Over including us discover exist notice. Style their east region article inside. Sure various public three.",FALSE
Pierce LLC,12,51618 Alyssa Burg Suite 266,Suite 753,West Micheleberg,1,52610,MM,"Religious cost quality very dog. Who low nation wait usually. Understand stock back firm.
Letter respond top according whose model. Special life huge.",TRUE
"Johnson, Jones and Morgan",12,20887 Jones Manors Suite 782,Apt. 929,North Josechester,1,25737,RW,"Up bill a wall. Break about idea education include theory into may.
Back north group bank really field free. Local include middle though prevent soldier. Effect compare current college alone sound.",TRUE
Quinn-Miller,12,2661 Fields Valleys Suite 875,Suite 324,Shahshire,1,16088,IE,"Rate song even book see. Occur middle difference guess town power. Miss himself have section truth follow ask.
Carry career member many. Policy around clear eat.",TRUE
"Turner, Serrano and Taylor",12,26587 Ramos Street Apt. 411,Apt. 937,Port Trevorfort,1,60177,HT,"Past often to yeah purpose nor attack explain. Generation herself power economy after skill.
Individual matter person station establish. One issue outside others.",TRUE
"Roberson, Thomas and Taylor",12,8927 Cook Street,Suite 312,Sharonmouth,1,11349,TD,Everyone writer parent unit relate return law. Detail kind anything shoulder maybe way capital production. Yes whom include school.,TRUE
Elliott and Sons,12,565 Campbell Stravenue Apt. 876,Suite 118,New Deborah,1,69908,KH,Necessary modern newspaper benefit since. Peace professional specific leader. Ahead increase both lead left for. Care half it whom modern American.,TRUE
Rhodes Ltd,12,1023 Barbara Inlet Suite 793,Apt. 421,Lake Kimberlyfort,1,87412,MZ,Return career story catch site memory. Paper understand animal country find.,TRUE
"Hoover, Williams and Haas",12,23041 Tiffany Parkways Apt. 073,Suite 607,New Taylor,1,65051,TW,"Worker impact single establish. Treat work work focus.
Chair region city follow alone enjoy. Though say loss bit seat.",TRUE
