name,campus,web_address,address_line1,address_line2,city,state_province,postal_code,country_code,statement,status
Ewing PLC,1,http://park.net/,7686 Lisa Lakes Suite 782,Suite 995,Courtneyberg,1,81822,ZA,"Until past alone customer. Even red return what.
Price general suffer notice. So choice worry a.
Free table smile debate everyone. Other sport give run let with.",1
"Stevenson, Simpson and Chen",1,https://bryant.com/,12382 Gutierrez Shoals,Suite 365,Christinabury,1,32295,EG,While mouth mention down arrive protect. Left claim need book stock member. Wish check detail election pull ok reflect suffer.,1
Ross-Hernandez,1,https://www.hernandez.info/,0053 Novak Stream,Apt. 964,Port Peter,1,40166,GB,"Apply religious grow serve community. Front success tend I send bar. Bed bar could hotel garden only.
Ago house painting song voice. Short finally together among drop.",1
Stewart LLC,1,https://henry.com/,611 Tracy Throughway Suite 288,Apt. 492,West Karenside,1,36940,MM,Once summer be student eight. Character home check democratic affect in however. Serve method yes good. Value general kid avoid heart garden.,1
Miller Inc,1,https://www.torres.biz/,802 Michael Inlet Apt. 126,Apt. 827,Pearsonmouth,1,50702,MZ,"Information writer I soon top though. Weight fund day avoid mother subject court writer.
Raise believe him option itself. Economy radio could economic issue.",1
Goodwin-Patterson,1,http://pearson.com/,7496 Wright Path Suite 836,Suite 524,Malonetown,1,81105,TO,"Job state long kitchen significant little. Couple throughout trouble ability since important produce. Door happen issue court.
Hope interest three central woman. Inside miss also into thing which.",1
"Porter, Torres and Baker",1,http://www.armstrong.org/,87207 Smith Course,Apt. 858,Lake Raymondmouth,1,61970,AM,Institution hundred scene son believe. More single land natural plant give may. Never her start including according tree opportunity.,1
Grant-Crane,1,https://www.jackson-hicks.com/,74203 James Ridges,Suite 427,Taylorburgh,1,86317,GW,Task west physical face meeting. Like community north together south two site. Somebody may cup civil full reality experience.,1
Douglas-Davis,1,http://terry.com/,56880 Cook Mall Suite 157,Suite 178,South Shane,1,27634,QA,"Us majority should guy gun. Radio let less budget. Fish debate item line.
Edge push available but official. Nearly instead they different. Amount city station bed.
Day say member resource young.",1
"Perez, Ellison and Torres",1,http://www.walters.com/,83884 Amy Lights,Apt. 451,Kaylaland,1,8578,CY,"Night best yet light my. Price operation father Mrs pay full. Also land glass contain source himself.
Late tax bag statement fear threat. Cover agent mean board picture finish person production.",1
